-- phpMyAdmin SQL Dump
-- version 5.1.0
-- https://www.phpmyadmin.net/
--
-- Host: 127.0.0.1:3306
-- Generation Time: Jan 31, 2022 at 07:18 PM
-- Server version: 10.4.19-MariaDB
-- PHP Version: 8.0.8

SET SQL_MODE = "NO_AUTO_VALUE_ON_ZERO";
START TRANSACTION;
SET time_zone = "+00:00";


/*!40101 SET @OLD_CHARACTER_SET_CLIENT=@@CHARACTER_SET_CLIENT */;
/*!40101 SET @OLD_CHARACTER_SET_RESULTS=@@CHARACTER_SET_RESULTS */;
/*!40101 SET @OLD_COLLATION_CONNECTION=@@COLLATION_CONNECTION */;
/*!40101 SET NAMES utf8mb4 */;

--
-- Database: `phpshop`
--

-- --------------------------------------------------------

--
-- Table structure for table `category`
--

CREATE TABLE `category` (
  `id` int(11) NOT NULL,
  `name` varchar(255) NOT NULL,
  `sort_order` int(11) NOT NULL DEFAULT 0,
  `status` int(11) NOT NULL DEFAULT 1
) ENGINE=InnoDB DEFAULT CHARSET=utf8;

--
-- Dumping data for table `category`
--

INSERT INTO `category` (`id`, `name`, `sort_order`, `status`) VALUES
(13, 'Ноутбуки', 1, 1),
(14, 'Планшеты', 2, 1),
(15, 'Мониторы', 3, 1),
(17, 'Игровые компьютеры', 4, 1),
(18, 'Телефоны', 5, 1);

-- --------------------------------------------------------

--
-- Table structure for table `product`
--

CREATE TABLE `product` (
  `id` int(11) NOT NULL,
  `name` varchar(255) NOT NULL,
  `category_id` int(11) NOT NULL,
  `code` int(11) NOT NULL,
  `price` float NOT NULL,
  `availability` int(11) NOT NULL,
  `brand` varchar(255) NOT NULL,
  `image` varchar(255) NOT NULL,
  `description` text NOT NULL,
  `is_new` int(11) NOT NULL DEFAULT 0,
  `is_recommended` int(11) NOT NULL DEFAULT 0,
  `status` int(11) NOT NULL DEFAULT 1
) ENGINE=InnoDB DEFAULT CHARSET=utf8;

--
-- Dumping data for table `product`
--

INSERT INTO `product` (`id`, `name`, `category_id`, `code`, `price`, `availability`, `brand`, `image`, `description`, `is_new`, `is_recommended`, `status`) VALUES
(34, 'Ноутбук Asus X200MA (X200MA-KX315D)', 13, 1839707, 395, 1, 'Asus', 'laptop5.jfif', 'Экран 11.6\" (1366x768) HD LED, глянцевый / Intel Pentium N3530 (2.16 - 2.58 ГГц) / RAM 4 ГБ / HDD 750 ГБ / Intel HD Graphics / без ОД / Bluetooth 4.0 / Wi-Fi / LAN / веб-камера / без ОС / 1.24 кг / синий', 0, 0, 1),
(35, 'Ноутбук HP Stream 11-d050nr', 13, 2343847, 305, 5, 'Hewlett Packard', 'laptop6.jfif', 'Экран 11.6” (1366x768) HD LED, матовый / Intel Celeron N2840 (2.16 ГГц) / RAM 2 ГБ / eMMC 32 ГБ / Intel HD Graphics / без ОД / Wi-Fi / Bluetooth / веб-камера / Windows 8.1 + MS Office 365 / 1.28 кг / синий', 1, 1, 1),
(38, 'Ноутбук Acer TravelMate TMB115', 13, 1953212, 275, 3, 'Acer', 'tablet2.jfif', 'Экран 11.6\'\' (1366x768) HD LED, матовый / Intel Celeron N2840 (2.16 ГГц) / RAM 2 ГБ / HDD 500 ГБ / Intel HD Graphics / без ОД / LAN / Wi-Fi / Bluetooth 4.0 / веб-камера / Linpus / 1.32 кг / черный', 0, 0, 1),
(39, 'Ноутбук Lenovo Flex 10', 13, 1602042, 370, 15, 'Lenovo', 'laptop4.jfif', 'Экран 10.1\" (1366x768) HD LED, сенсорный, глянцевый / Intel Celeron N2830 (2.16 ГГц) / RAM 2 ГБ / HDD 500 ГБ / Intel HD Graphics / без ОД / Wi-Fi / Bluetooth / веб-камера / Windows 8.1 / 1.2 кг / черный', 0, 1, 1),
(40, 'Ноутбук Asus X751MA', 13, 2028367, 430, 4, 'Asus', 'asus1.jfif', 'Экран 17.3\" (1600х900) HD+ LED, глянцевый / Intel Pentium N3540 (2.16 - 2.66 ГГц) / RAM 4 ГБ / HDD 1 ТБ / Intel HD Graphics / DVD Super Multi / LAN / Wi-Fi / Bluetooth 4.0 / веб-камера / DOS / 2.6 кг / белый', 0, 1, 1),
(41, 'Samsung Galaxy Tab S 10.5 16GB', 14, 1129365, 780, 1, 'Samsung', 'tablet5.jfif', 'Samsung Galaxy Tab S создан для того, чтобы сделать вашу жизнь лучше. Наслаждайтесь своим контентом с покрытием 94% цветов Adobe RGB и 100000:1 уровнем контрастности, который обеспечивается sAmoled экраном с функцией оптимизации под отображаемое изображение и окружение. Яркий 10.5” экран в ультратонком корпусе весом 467 г порадует вас высоким уровнем портативности. Работа станет проще вместе с Hancom Office и удаленным доступом к вашему ПК. E-Meeting и WebEx – отличные помощники для проведения встреч, когда вы находитесь вне офиса. Надежно храните ваши данные благодаря сканеру отпечатка пальцев.', 1, 1, 1),
(42, 'Samsung Galaxy Tab S 8.4 16GB', 14, 1128670, 640, 9, 'Samsung', 'tablet3.jfif', 'Экран 8.4\" Super AMOLED (2560x1600) емкостный Multi-Touch / Samsung Exynos 5420 (1.9 ГГц + 1.3 ГГц) / RAM 3 ГБ / 16 ГБ встроенной памяти + поддержка карт памяти microSD / Bluetooth 4.0 / Wi-Fi 802.11 a/b/g/n/ac / основная камера 8 Мп, фронтальная 2.1 Мп / GPS / ГЛОНАСС / Android 4.4.2 (KitKat) / 294 г / белый', 0, 0, 1),
(43, 'Gazer Tegra Note 7', 14, 683364, 210, 5, 'Gazer', 'tablet1.jfif', 'Экран 7\" IPS (1280x800) емкостный Multi-Touch / NVIDIA Tegra 4 (1.8 ГГц) / RAM 1 ГБ / 16 ГБ встроенной памяти + поддержка карт памяти microSD / Wi-Fi / Bluetooth 4.0 / основная камера 5 Мп, фронтальная - 0.3 Мп / GPS / ГЛОНАСС / Android 4.4.2 (KitKat) / вес 320 г', 0, 1, 1),
(44, 'Монитор 23', 15, 355025, 175, 9, 'Dell', '44.jpg', 'С расширением Full HD Вы сможете рассмотреть мельчайшие детали. Dell E2314H предоставит Вам резкое и четкое изображение, с которым любая работа будет в удовольствие. Full HD 1920 x 1080 при 60 Гц разрешение (макс.)', 0, 1, 1),
(45, 'Компьютер Everest Game ', 13, 1563832, 1320, 12, 'Everest', 'game2.jfif', 'Everest Game 9085 — это компьютеры премимум класса, собранные на базе эксклюзивных компонентов, тщательно подобранных и протестированных лучшими специалистами нашей компании. Это топовый сегмент систем, который отвечает наилучшим характеристикам показателей качества и производительности.', 0, 0, 1),
(46, 'Монитор', 15, 553245, 3288, 1, 'SAMSUNG', 'screen6.jfif', 'beautifule for gaming', 1, 1, 1),
(47, 'GameComputer', 17, 97665543, 10000, 7, 'ASUS', 'game4.jfif', 'The best game computer', 1, 1, 1),
(48, 'Монитор ASUS', 15, 5344343, 1090, 4, 'ASUS', '44.jpg', 'description of screen', 1, 0, 1),
(49, 'Монитор', 15, 534535, 1090, 10, 'LENOVO', 'screen3.jfif', 'description of screen', 1, 1, 1),
(50, 'Монитор', 15, 534535, 4444, 6, 'LG', '44.jpg', 'description of screen', 0, 0, 1),
(51, 'Монитор', 15, 534535, 1090, 1, 'DELL', 'screen1.jfif', 'description of screen', 1, 1, 1),
(52, 'Монитор', 15, 534535, 1090, 1, 'LG', 'screeen2.jfif', 'description of screen', 1, 1, 1);

-- --------------------------------------------------------

--
-- Table structure for table `product_order`
--

CREATE TABLE `product_order` (
  `id` int(11) NOT NULL,
  `user_name` varchar(255) NOT NULL,
  `user_phone` varchar(255) NOT NULL,
  `user_comment` text NOT NULL,
  `user_id` int(11) DEFAULT NULL,
  `date` timestamp NOT NULL DEFAULT current_timestamp(),
  `products` text NOT NULL,
  `status` int(11) NOT NULL DEFAULT 1
) ENGINE=MyISAM DEFAULT CHARSET=utf8;

--
-- Dumping data for table `product_order`
--

INSERT INTO `product_order` (`id`, `user_name`, `user_phone`, `user_comment`, `user_id`, `date`, `products`, `status`) VALUES
(45, 'Petro', '84309257503', '123123123', 4, '2015-05-14 09:54:45', '{\"1\":1,\"2\":1,\"3\":2}', 2),
(46, 'САША1', 'g3424242342', '', 4, '2015-05-18 15:34:42', '{\"44\":3,\"43\":3}', 1),
(47, 'userVika', '+380634343439', 'my commetn', 6, '2022-01-29 09:19:36', '{\"45\":1,\"43\":1}', 1),
(49, 'Olga', '+380634343555', 'my commetn11fdsfsafdsfsf', 6, '2022-01-29 19:05:15', '{\"45\":2,\"44\":1,\"52\":2,\"51\":1,\"40\":1,\"39\":1}', 1);

-- --------------------------------------------------------

--
-- Table structure for table `reviews`
--

CREATE TABLE `reviews` (
  `id` int(11) NOT NULL,
  `subject` varchar(100) COLLATE utf8mb4_unicode_ci NOT NULL,
  `review` varchar(500) COLLATE utf8mb4_unicode_ci NOT NULL,
  `userid` int(11) NOT NULL
) ENGINE=InnoDB DEFAULT CHARSET=utf8mb4 COLLATE=utf8mb4_unicode_ci;

--
-- Dumping data for table `reviews`
--

INSERT INTO `reviews` (`id`, `subject`, `review`, `userid`) VALUES
(1, 'LG', 'dgdfgsdfgfdsgsfdgfdsgfdsgfdgfdg', 6);

-- --------------------------------------------------------

--
-- Table structure for table `user`
--

CREATE TABLE `user` (
  `id` int(11) NOT NULL,
  `name` varchar(255) NOT NULL,
  `email` varchar(255) NOT NULL,
  `password` varchar(255) NOT NULL,
  `role` varchar(50) NOT NULL
) ENGINE=InnoDB DEFAULT CHARSET=utf8;

--
-- Dumping data for table `user`
--

INSERT INTO `user` (`id`, `name`, `email`, `password`, `role`) VALUES
(3, 'Александр', 'alex@mail.com', '111111', ''),
(4, 'admin', 'admin@gmail.com', '222222', 'admin'),
(5, 'Сергей', 'serg@mail.com', '111111', ''),
(6, 'Olga', 'fsfs@gmil.com', '12343456', ''),
(7, 'Oleg', 'jdslfkjs.gmv@gmail.com', '098765', ''),
(8, 'Vika Fisher', 'vikaF@gmail.com', '09876', ''),
(9, 'oleg leon', 'oleg@gmail.com', '123456', ''),
(10, 'user2', 'email@jdsfdsa.com', '666666', '');

--
-- Indexes for dumped tables
--

--
-- Indexes for table `category`
--
ALTER TABLE `category`
  ADD PRIMARY KEY (`id`);

--
-- Indexes for table `product`
--
ALTER TABLE `product`
  ADD PRIMARY KEY (`id`);

--
-- Indexes for table `product_order`
--
ALTER TABLE `product_order`
  ADD PRIMARY KEY (`id`);

--
-- Indexes for table `reviews`
--
ALTER TABLE `reviews`
  ADD PRIMARY KEY (`id`);

--
-- Indexes for table `user`
--
ALTER TABLE `user`
  ADD PRIMARY KEY (`id`);

--
-- AUTO_INCREMENT for dumped tables
--

--
-- AUTO_INCREMENT for table `category`
--
ALTER TABLE `category`
  MODIFY `id` int(11) NOT NULL AUTO_INCREMENT, AUTO_INCREMENT=19;

--
-- AUTO_INCREMENT for table `product`
--
ALTER TABLE `product`
  MODIFY `id` int(11) NOT NULL AUTO_INCREMENT, AUTO_INCREMENT=61;

--
-- AUTO_INCREMENT for table `product_order`
--
ALTER TABLE `product_order`
  MODIFY `id` int(11) NOT NULL AUTO_INCREMENT, AUTO_INCREMENT=50;

--
-- AUTO_INCREMENT for table `reviews`
--
ALTER TABLE `reviews`
  MODIFY `id` int(11) NOT NULL AUTO_INCREMENT, AUTO_INCREMENT=2;

--
-- AUTO_INCREMENT for table `user`
--
ALTER TABLE `user`
  MODIFY `id` int(11) NOT NULL AUTO_INCREMENT, AUTO_INCREMENT=11;
COMMIT;

/*!40101 SET CHARACTER_SET_CLIENT=@OLD_CHARACTER_SET_CLIENT */;
/*!40101 SET CHARACTER_SET_RESULTS=@OLD_CHARACTER_SET_RESULTS */;
/*!40101 SET COLLATION_CONNECTION=@OLD_COLLATION_CONNECTION */;
